,link_id,link_type,link_length,link_direction,road_number,from_point,from_lat,from_long,to_point,to_lat,to_long,link_location_text
0,103035202,exitSlipRoad,393.8,clockwise,M25,1030398,51.32,-0.44,1030352,0.0,0.0,M25 J10 clockwise exit
1,103040101,entrySlipRoad,355.63,clockwise,M25,1030353,51.32,-0.45,1030401,0.0,0.0,M25 J10 clockwise access
2,103048901,exitSlipRoad,450.0,clockwise,M25,1030486,51.4,-0.53,1030489,0.0,0.0,link road from M25 J12 clockwise to M3 J2
3,103066101,entrySlipRoad,304.68,clockwise,M25,1030660,51.26,-0.13,1030661,0.0,0.0,link road from M23 J8 to M25 J7 clockwise
4,104016901,exitSlipRoad,230.61,clockwise,M25,1040275,51.39,0.2,1040169,0.0,0.0,M25 J3 clockwise exit
5,104027102,exitSlipRoad,1851.47,clockwise,M25,1040267,51.4,0.2,1040271,0.0,0.0,link road from M25 J3 clockwise to M20 J1 eastbound
6,104027301,entrySlipRoad,426.18,clockwise,M25,1040172,51.39,0.19,1040273,0.0,0.0,M25 J3 clockwise access
7,104034202,entrySlipRoad,454.88,clockwise,M25,1991244,51.29,0.14,1040342,0.0,0.0,link road from A21 northbound to M25 J5 clockwise
8,104034602,exitSlipRoad,882.72,clockwise,M25,1040345,51.3,0.15,1040346,0.0,0.0,link road from M25 J5 clockwise to A21
9,108003502,exitSlipRoad,371.41,clockwise,M25,1990031,51.69,-0.23,1080035,0.0,0.0,M25 J23 clockwise exit
10,108024002,exitSlipRoad,605.19,clockwise,M25,1080241,51.72,-0.39,1080240,0.0,0.0,link road from M25 J21 clockwise to M1 J6A northbound
11,108024201,entrySlipRoad,967.6,clockwise,M25,1080244,51.72,-0.38,1080242,0.0,0.0,link road from M1 J6A southbound to M25 J21 clockwise
12,108031801,exitSlipRoad,853.07,clockwise,M25,1080325,51.56,-0.53,1080318,0.0,0.0,link road from M25 J16 clockwise to M40 J1A southbound
13,108032201,entrySlipRoad,427.13,clockwise,M25,1080326,51.56,-0.54,1080322,0.0,0.0,link road from M40 J1A to M25 J16 clockwise
14,108054403,exitSlipRoad,580.41,clockwise,M25,1080555,51.72,-0.38,1080544,0.0,0.0,M25 J21A clockwise exit
15,108055903,entrySlipRoad,344.68,clockwise,M25,1080553,51.72,-0.37,1080559,0.0,0.0,M25 J21A clockwise access
16,123011402,entrySlipRoad,264.3,clockwise,M25,1230118,51.27,0.04,1230114,0.0,0.0,M25 clockwise at the Clacket Lane services slip road between J5 and J6
17,123011701,exitSlipRoad,411.89,clockwise,M25,1230113,51.27,0.05,1230117,0.0,0.0,M25 clockwise at the Clacket Lane services slip road between J5 and J6
18,199000901,exitSlipRoad,577.08,clockwise,M25,1990024,51.7,-0.45,1990009,0.0,0.0,M25 J20 clockwise exit
19,199001501,exitSlipRoad,332.5,clockwise,M25,1990029,51.72,-0.28,1990015,0.0,0.0,M25 J22 clockwise exit
20,199002101,exitSlipRoad,359.74,clockwise,M25,1990051,51.63,-0.51,1990021,0.0,0.0,M25 J17 clockwise exit
21,199002201,entrySlipRoad,283.03,clockwise,M25,1990012,51.7,-0.44,1990022,0.0,0.0,M25 J20 clockwise access
22,199002601,entrySlipRoad,471.86,clockwise,M25,1990014,51.72,-0.28,1990026,0.0,0.0,M25 J22 clockwise access
23,199003701,exitSlipRoad,250.58,clockwise,M25,1990008,51.49,-0.5,1990037,0.0,0.0,link road from M25 J15 clockwise to M4 J4B
24,199004102,entrySlipRoad,264.69,clockwise,M25,1990039,51.5,-0.5,1990041,0.0,0.0,link road from M4 J4B to M25 J15 clockwise
25,199004503,entrySlipRoad,213.24,clockwise,M25,1210271,51.66,-0.5,1990045,0.0,0.0,M25 J18 clockwise access
26,199004701,exitSlipRoad,280.41,clockwise,M25,1990046,51.65,-0.5,1990047,0.0,0.0,M25 J18 clockwise exit
27,199005001,entrySlipRoad,377.08,clockwise,M25,1990019,51.64,-0.51,1990050,0.0,0.0,M25 J17 clockwise access
28,199005401,entrySlipRoad,350.25,clockwise,M25,1080037,51.69,-0.23,1990054,0.0,0.0,M25 J23 clockwise access
29,199053001,exitSlipRoad,490.07,clockwise,M25,1990557,51.68,-0.06,1990530,0.0,0.0,M25 J25 clockwise exit
30,199053801,exitSlipRoad,526.91,clockwise,M25,1990564,51.58,0.28,1990538,0.0,0.0,M25 J29 clockwise exit
31,199055602,entrySlipRoad,386.37,clockwise,M25,1990528,51.68,-0.05,1990556,0.0,0.0,M25 J25 clockwise access
32,199056202,entrySlipRoad,382.15,clockwise,M25,1990536,51.57,0.29,1990562,0.0,0.0,M25 J29 clockwise access
33,199056801,exitSlipRoad,380.79,clockwise,M25,1990646,51.68,0.02,1990568,0.0,0.0,M25 J26 clockwise exit
34,199057202,entrySlipRoad,230.5,clockwise,M25,1990587,51.49,0.27,1990572,0.0,0.0,M25 J30 clockwise access
35,199059401,exitSlipRoad,333.27,clockwise,M25,1990654,51.5,0.27,1990594,0.0,0.0,M25 J30 clockwise exit
36,199063101,exitSlipRoad,370.22,clockwise,M25,1990629,51.68,0.11,1990631,0.0,0.0,link road from M25 J27 clockwise to M11 J6
37,199063902,entrySlipRoad,525.63,clockwise,M25,1990634,51.68,0.13,1990639,0.0,0.0,link road from M11 J6 southbound to M25 J27 clockwise
38,199064403,entrySlipRoad,844.73,clockwise,M25,1990640,51.68,0.12,1990644,0.0,0.0,link road from M11 J6 northbound to M25 J27 clockwise
39,199064802,entrySlipRoad,374.97,clockwise,M25,1990569,51.68,0.03,1990648,0.0,0.0,M25 J26 clockwise access
40,199065702,entrySlipRoad,258.5,clockwise,M25,1990552,51.61,0.26,1990657,0.0,0.0,M25 J28 clockwise access
41,199065901,exitSlipRoad,299.91,clockwise,M25,1990662,51.69,-0.18,1990659,0.0,0.0,M25 J24 clockwise exit
42,199066402,entrySlipRoad,493.69,clockwise,M25,1990660,51.69,-0.17,1990664,0.0,0.0,M25 J24 clockwise access
43,199121401,exitSlipRoad,336.86,clockwise,M25,1991218,51.26,-0.06,1991214,0.0,0.0,M25 J6 clockwise exit
44,199122001,entrySlipRoad,507.65,clockwise,M25,1991215,51.26,-0.07,1991220,0.0,0.0,M25 J6 clockwise access
45,199124602,exitSlipRoad,483.49,clockwise,M25,1991253,51.35,0.16,1991246,0.0,0.0,M25 J4 clockwise exit
46,199125501,entrySlipRoad,310.96,clockwise,M25,1991247,51.35,0.16,1991255,0.0,0.0,M25 J4 clockwise access
47,199130401,entrySlipRoad,451.79,clockwise,M25,1991291,51.38,-0.51,1991304,0.0,0.0,M25 J11 clockwise access
48,199130502,entrySlipRoad,231.86,clockwise,M25,1030494,51.4,-0.54,1991305,0.0,0.0,link road from M3 J2 to M25 J12 clockwise
49,199131001,entrySlipRoad,338.67,clockwise,M25,1991293,51.45,-0.53,1991310,0.0,0.0,M25 J13 clockwise access
50,199131401,entrySlipRoad,206.43,clockwise,M25,1991294,51.3,-0.32,1991314,0.0,0.0,M25 J9 clockwise access
51,199132101,entrySlipRoad,314.52,clockwise,M25,1991299,51.26,-0.2,1991321,0.0,0.0,M25 J8 clockwise access
52,199134701,exitSlipRoad,402.99,clockwise,M25,1991306,51.37,-0.51,1991347,0.0,0.0,M25 J11 clockwise exit
53,199135001,exitSlipRoad,291.45,clockwise,M25,1991313,51.3,-0.32,1991350,0.0,0.0,M25 J9 clockwise exit
54,199135301,exitSlipRoad,2609.55,clockwise,M25,1991320,51.27,-0.16,1991353,0.0,0.0,M25 J8 clockwise exit
55,200045810,exitSlipRoad,277.36,clockwise,M25,1307601,51.46,-0.51,0,0.0,0.0,M25 J14 clockwise exit
56,200045818,entrySlipRoad,361.52,clockwise,M25,1307632,51.47,-0.51,1307602,0.0,0.0,M25 J14 clockwise access
57,200047673,exitSlipRoad,350.01,clockwise,M25,1990566,51.61,0.26,0,0.0,0.0,M25 J28 clockwise exit
58,200047937,entrySlipRoad,400.23,clockwise,M25,1308604,51.31,-0.41,1308600,0.0,0.0,M25 clockwise at the Cobham services slip road between J9 and J10
59,200047938,exitSlipRoad,400.65,clockwise,M25,1308599,51.31,-0.4,1308603,0.0,0.0,M25 clockwise at the Cobham services slip road between J9 and J10
60,200047946,exitSlipRoad,1001.2,clockwise,M25,1308608,51.43,0.24,1307592,0.0,0.0,link road from M25 J2 clockwise to A2 eastbound
61,200109283,entrySlipRoad,89.68,clockwise,M25,1314463,51.42,0.24,1040472,0.0,0.0,M25 J2 clockwise access
62,200111019,exitSlipRoad,120.35,clockwise,M25,1991323,51.44,-0.53,0,0.0,0.0,M25 J13 clockwise exit
